,U-val,tail,p-val,RBC,CLES
MWU,2207.5,less,0.00015368132711264925,0.3306549423893269,0.6653274711946635
