,U-val,tail,p-val,RBC,CLES
MWU,2200.0,less,0.0006063261676094604,0.3015873015873016,0.6507936507936508
